,Product Name,Price,Description,Review
0,"realme 11 Pro 5G (Astral Black, 256 GB)","₹24,999",8 GB RAM | 256 GB ROM17.02 cm (6.7 inch) Full HD+ Display100MP (OIS) + 2MP | 16MP Front Camera5000 mAh BatteryDimensity 7050 Processor1 Year Manufacturer Warranty for Device and 6 Months Manufacturer Warranty for In-Box Accessories,4.4
1,"realme 11 Pro 5G (Oasis Green, 256 GB)","₹24,999",8 GB RAM | 256 GB ROM17.02 cm (6.7 inch) Full HD+ Display100MP (OIS) + 2MP | 16MP Front Camera5000 mAh BatteryDimensity 7050 Processor1 Year Manufacturer Warranty for Device and 6 Months Manufacturer Warranty for In-Box Accessories,4.4
2,"realme 11 Pro 5G (Sunrise Beige, 256 GB)","₹24,999",8 GB RAM | 256 GB ROM17.02 cm (6.7 inch) Full HD+ Display100MP (OIS) + 2MP | 16MP Front Camera5000 mAh BatteryDimensity 7050 Processor1 Year Manufacturer Warranty for Device and 6 Months Manufacturer Warranty for In-Box Accessories,4.4
3,"realme 11 Pro 5G (Sunrise Beige, 128 GB)","₹21,999",8 GB RAM | 128 GB ROM17.02 cm (6.7 inch) Full HD+ Display100MP (OIS) + 2MP | 16MP Front Camera5000 mAh BatteryDimensity 7050 Processor1 Year Manufacturer Warranty for Device and 6 Months Manufacturer Warranty for In-Box Accessories,4.4
4,"realme 11 Pro 5G (Oasis Green, 128 GB)","₹21,999",8 GB RAM | 128 GB ROM17.02 cm (6.7 inch) Full HD+ Display100MP (OIS) + 2MP | 16MP Front Camera5000 mAh BatteryDimensity 7050 Processor1 Year Manufacturer Warranty for Device and 6 Months Manufacturer Warranty for In-Box Accessories,4.4
5,"realme 10 (Rush Black, 128 GB)","₹12,999",8 GB RAM | 128 GB ROM | Expandable Upto 1 TB16.26 cm (6.4 inch) Full HD+ Display50MP + 2MP | 16MP Front Camera5000 mAh BatteryMediatek Helio G99 Octa Core Processor1 Year Manufacturer Warranty for Phone and 6 Months Warranty for In-Box Accessories,4.3
6,"realme 10 (Clash White, 64 GB)","₹9,999",4 GB RAM | 64 GB ROM | Expandable Upto 1 TB16.26 cm (6.4 inch) Full HD+ Display50MP + 2MP | 16MP Front Camera5000 mAh BatteryMediatek Helio G99 Octa Core Processor1 Year Manufacturer Warranty for Phone and 6 Months Warranty for In-Box Accessories,4.1
7,"realme C55 (Sunshower, 64 GB)","₹8,499",4 GB RAM | 64 GB ROM | Expandable Upto 1 TB17.07 cm (6.72 inch) Full HD+ Display64MP + 2MP | 8MP Front Camera5000 mAh BatteryHelio G88 Processor1 Year Manufacturer Warranty for Phone and 6 Months Warranty for In the Box Accessories,4.4
8,"realme C55 (Sunshower, 64 GB)","₹13,999",6 GB RAM | 64 GB ROM | Expandable Upto 1 TB17.07 cm (6.72 inch) Full HD+ Display64MP + 2MP | 8MP Front Camera5000 mAh BatteryHelio G88 Processor1 Year Manufacturer Warranty for Phone and 6 Months Warranty for In the Box Accessories,4.3
9,"realme C55 (Rainforest, 64 GB)","₹8,499",4 GB RAM | 64 GB ROM | Expandable Upto 1 TB17.07 cm (6.72 inch) Full HD+ Display64MP + 2MP | 8MP Front Camera5000 mAh BatteryHelio G88 Processor1 Year Manufacturer Warranty for Phone and 6 Months Warranty for In the Box Accessories,4.4
10,"realme C55 (Rainy Night, 128 GB)","₹13,999",8 GB RAM | 128 GB ROM | Expandable Upto 1 TB17.07 cm (6.72 inch) Full HD+ Display64MP + 2MP | 8MP Front Camera5000 mAh BatteryHelio G88 Processor1 Year Manufacturer Warranty for Phone and 6 Months Warranty for In the Box Accessories,4.3
11,"realme C55 (Rainy Night, 64 GB)","₹11,999",6 GB RAM | 64 GB ROM | Expandable Upto 1 TB17.07 cm (6.72 inch) Full HD+ Display64MP + 2MP | 8MP Front Camera5000 mAh BatteryHelio G88 Processor1 Year Manufacturer Warranty for Phone and 6 Months Warranty for In the Box Accessories,4.3
12,"realme C55 (Rainforest, 128 GB)","₹13,999",8 GB RAM | 128 GB ROM | Expandable Upto 1 TB17.07 cm (6.72 inch) Full HD+ Display64MP + 2MP | 8MP Front Camera5000 mAh BatteryHelio G88 Processor1 Year Manufacturer Warranty for Phone and 6 Months Warranty for In the Box Accessories,4.3
13,"realme C55 (Sunshower, 128 GB)","₹13,999",8 GB RAM | 128 GB ROM | Expandable Upto 1 TB17.07 cm (6.72 inch) Full HD+ Display64MP + 2MP | 8MP Front Camera5000 mAh BatteryHelio G88 Processor1 Year Manufacturer Warranty for Phone and 6 Months Warranty for In the Box Accessories,4.3
14,"realme C55 (Rainforest, 64 GB)","₹11,999",6 GB RAM | 64 GB ROM | Expandable Upto 1 TB17.07 cm (6.72 inch) Full HD+ Display64MP + 2MP | 8MP Front Camera5000 mAh BatteryHelio G88 Processor1 Year Manufacturer Warranty for Phone and 6 Months Warranty for In the Box Accessories,4.3
15,"realme C55 (Rainy Night, 64 GB)","₹8,499",4 GB RAM | 64 GB ROM | Expandable Upto 1 TB17.07 cm (6.72 inch) Full HD+ Display64MP + 2MP | 8MP Front Camera5000 mAh BatteryHelio G88 Processor1 Year Manufacturer Warranty for Phone and 6 Months Warranty for In the Box Accessories,4.4
16,realme Narzo 60x 5G,"₹14,350",4 GB RAM | 128 GB ROM17.07 cm (6.72 inch) Display50MP Rear Camera5000 mAh Battery1 Year Brand Warranty,4.3
17,"realme Narzo N53 (Feather Gold, 64 GB)","₹8,850",4 GB RAM | 64 GB ROM17.12 cm (6.74 inch) Display50MP Rear Camera5000 mAh BatteryDomestic 1 Year on Handset and 6 Months on Accessories,4.2
18,"realme Narzo N53 (Feather Black, 128 GB)","₹10,794",6 GB RAM | 128 GB ROM17.12 cm (6.74 inch) Display50MP Rear Camera5000 mAh BatteryDomestic 1 Year on Handset and 6 Months on Accessories,4.2
19,"realme Narzo N53 (Feather Black, 128 GB)","₹11,128",8 GB RAM | 128 GB ROM17.12 cm (6.74 inch) Display50MP Rear Camera5000 mAh BatteryDomestic 1 Year on Handset and 6 Months on Accessories,4.2
20,"realme Narzo N53 (Feather Black, 64 GB)","₹8,845",4 GB RAM | 64 GB ROM17.12 cm (6.74 inch) Display50MP Rear Camera5000 mAh BatteryDomestic 1 Year on Handset and 6 Months on Accessories,4.2
21,"realme Narzo N55 (Prime Black, 128 GB)","₹10,988",6 GB RAM | 128 GB ROM17.07 cm (6.72 inch) Display64MP Rear Camera5000 mAh Battery1 Year Domestic Warranty for Phone and 6 Months Warranty for In-Box Accessories,4.3
22,"realme Narzo N55 (Prime Black, 64 GB)","₹10,188",4 GB RAM | 64 GB ROM17.07 cm (6.72 inch) Display64MP Rear Camera5000 mAh Battery1 Year Domestic Warranty for Phone and 6 Months Warranty for In-Box Accessories,4.3
23,"realme Narzo 60X 5G (Stellar Green, 128 GB)","₹14,399",6 GB RAM | 128 GB ROM17.07 cm (6.72 inch) Display50MP Rear Camera5000 mAh BatteryDomestic Warranty 1 Year For Handset and 6 Months For Accessories.,4.3
24,"realme Narzo 60X 5G (Nebula Purple, 128 GB)","₹14,799",6 GB RAM | 128 GB ROM17.07 cm (6.72 inch) Display50MP Rear Camera5000 mAh BatteryDomestic Warranty 1 Year For Handset and 6 Months For Accessories.,4.3
25,"realme Narzo 60x 5G (Stellar Green, 128 GB)","₹13,318",4 GB RAM | 128 GB ROM17.07 cm (6.72 inch) Display50MP Rear Camera5000 mAh Battery1 Year Brand Warranty,4.3
26,"realme Narzo 60 5G (Mars Orange, 256 GB)","₹19,965",8 GB RAM | 256 GB ROM16.33 cm (6.43 inch) Display64MP Rear Camera5000 mAh BatteryDomestic 1 Year of Device & 6 Months for In-Box Accessories,4.3
27,"realme Narzo 60 5G (Mars Orange, 128 GB)","₹17,552",8 GB RAM | 128 GB ROM16.33 cm (6.43 inch) Display64MP Rear Camera5000 mAh BatteryDomestic 1 Year of Device & 6 Months for In-Box Accessories,4.3
28,"realme Narzo 60 5G (?Cosmic Black, 128 GB)","₹17,998",8 GB RAM | 128 GB ROM16.33 cm (6.43 inch) Display64MP Rear Camera5000 mAh BatteryDomestic 1 Year of Device & 6 Months for In-Box Accessories,4.3
29,"realme Narzo 50i Prime (Dark Blue, 64 GB)","₹8,195",4 GB RAM | 64 GB ROM16.51 cm (6.5 inch) Display8MP Rear Camera | 5MP Front Camera5000 mAh BatteryUnisoc T612 processor Processor1 Year Domestic Warranty for Phone and 6 Months Warranty for In-Box Accessories,4.1
30,"realme Narzo N53 (Feather Gold, 64 GB)","₹9,387",4 GB RAM | 64 GB ROM17.12 cm (6.74 inch) Display50MP Rear Camera5000 mAh BatteryDomestic 1 Year on Handset and 6 Months on Accessories,4.2
31,"realme Narzo 50i Prime (Mint Green, 64 GB)","₹7,828",4 GB RAM | 64 GB ROM16.51 cm (6.5 inch) Display8MP Rear Camera | 5MP Front Camera5000 mAh BatteryUnisoc T612 processor Processor1 Year Domestic Warranty for Phone and 6 Months Warranty for In-Box Accessories,4.1
32,"realme Narzo N55 (Prime Blue, 64 GB)","₹10,199",4 GB RAM | 64 GB ROM17.07 cm (6.72 inch) Display64MP Rear Camera5000 mAh Battery1 Year Domestic Warranty for Phone and 6 Months Warranty for In-Box Accessories,4.3
33,"realme Narzo 60 pro 5G (Cosmic Black, 256 GB)","₹25,999",12 GB RAM | 256 GB ROM17.02 cm (6.7 inch) Display100MP Rear Camera5000 mAh BatteryDomestic 1 Year of Device & 6 Months for In-Box Accessories,4.3
34,"realme Narzo 60 Pro 5G (Mars orange, 128 GB)","₹21,297",8 GB RAM | 128 GB ROM17.02 cm (6.7 inch) Display100MP Rear Camera5000 mAh BatteryDomestic 1 Year of Device & 6 Months for In-Box Accessories,4.3
35,"realme GT 5G (Dashing Blue, 128 GB)","₹23,999",8 GB RAM | 128 GB ROM16.33 cm (6.43 inch) Full HD+ Display64MP + 8MP + 2MP | 16MP Front Camera4500 mAh BatteryQualcomm Snapdragon 888 Processor1 Year Warranty for Mobile and 6 Months for Accessories,4.2
36,"realme Narzo N53 (Feather Gold, 128 GB)","₹10,270",6 GB RAM | 128 GB ROM17.12 cm (6.74 inch) Display50MP Rear Camera5000 mAh BatteryDomestic 1 Year on Handset and 6 Months on Accessories,4.2
37,"realme 10 Pro+ 5G (Hyperspace, 128 GB)","₹24,999",6 GB RAM | 128 GB ROM17.02 cm (6.7 inch) Full HD+ Display108MP + 8MP + 2MP | 16MP Front Camera5000 mAh BatteryMediatek Dimensity 1080 5G Processor1 Year Manufacturer Warranty for Phone and 6 Months Warranty for In-Box Accessories,4.4
38,"realme Narzo N53 (Feather Gold, 128 GB)","₹11,399",8 GB RAM | 128 GB ROM17.12 cm (6.74 inch) Display50MP Rear Camera5000 mAh BatteryDomestic 1 Year on Handset and 6 Months on Accessories,4.2
39,"realme Narzo 60 pro 5G (?Cosmic Black, 128 GB)","₹20,999",8 GB RAM | 128 GB ROM17.02 cm (6.7 inch) Display100MP Rear Camera5000 mAh BatteryDomestic 1 Year of Device & 6 Months for In-Box Accessories,4.3
40,"realme Narzo N53 (Feather Gold, 128 GB)","₹10,314",6 GB RAM | 128 GB ROM17.12 cm (6.74 inch) Display50MP Rear Camera5000 mAh BatteryDomestic 1 Year on Handset and 6 Months on Accessories,4.2
41,"realme 10 Pro+ 5G (Hyperspace, 128 GB)","₹25,999",8 GB RAM | 128 GB ROM17.02 cm (6.7 inch) Full HD+ Display108MP + 8MP + 2MP | 16MP Front Camera5000 mAh BatteryMediatek Dimensity 1080 5G Processor1 Year Manufacturer Warranty for Phone and 6 Months Warranty for In-Box Accessories,4.4
42,"realme Narzo N55 (Prime Blue, 128 GB)","₹10,730",6 GB RAM | 128 GB ROM17.07 cm (6.72 inch) Display64MP Rear Camera5000 mAh Battery1 Year Domestic Warranty for Phone and 6 Months Warranty for In-Box Accessories,4.3
43,"realme Narzo N53 (Feather Black, 128 GB)","₹10,737",6 GB RAM | 128 GB ROM17.12 cm (6.74 inch) Display50MP Rear Camera5000 mAh BatteryDomestic 1 Year on Handset and 6 Months on Accessories,4.2
44,"realme Narzo 60 5g (Cosmic Black, 256 GB)","₹19,990",8 GB RAM | 256 GB ROM16.33 cm (6.43 inch) Display64MP Rear Camera5000 mAh BatteryDomestic 1 Year of Device & 6 Months for In-Box Accessories,4.3
45,"realme Narzo 50 (Speed Black, 64 GB)","₹10,290",4 GB RAM | 64 GB ROM | Expandable Upto 256 GB16.76 cm (6.6 inch) Full HD+ Display50MP + 2MP + 2MP | 16MP Front Camera5000 mAh Lithium Polymer BatteryMediatek Helio G96 Processor1 Year Warranty for Phone and 6 Months Warranty for In-Box Accessories,4.4
46,"realme C33 (Night Sea, 64 GB)","₹9,999",4 GB RAM | 64 GB ROM | Expandable Upto 1 TB16.51 cm (6.5 inch) HD+ Display50MP + 0.3MP | 5MP Front Camera5000 mAh Lithium Ion BatteryUnisoc T612 Processor1 Year Manufacturer Warranty for Phone and 6 Months Warranty for In-Box Accessories,4.4
47,"realme C20 (Cool Blue, 32 GB)","₹7,289",2 GB RAM | 32 GB ROM | Expandable Upto 256 GB16.51 cm (6.5 inch) HD+ Display8MP Rear Camera | 5MP Front Camera5000 mAh BatteryMediaTek Helio G35 Processor1 Year Warranty for Mobile and 6 Months for Accessories,4.4
48,"realme narzo 50i Prime (Mint Green, 32 GB)","₹7,499",3 GB RAM | 32 GB ROM16.51 cm (6.5 inch) Display8MP Rear Camera5000 mAh BatteryUnisoc Tiger T612 (12 nm) Processor1 Year Domestic Warranty for Phone and 6 Months Warranty for In-Box Accessories,4.2
49,"realme C20 (Cool Grey, 32 GB)","₹7,399",2 GB RAM | 32 GB ROM | Expandable Upto 256 GB16.51 cm (6.5 inch) HD+ Display8MP Rear Camera | 5MP Front Camera5000 mAh BatteryMediaTek Helio G35 Processor1 Year Warranty for Mobile and 6 Months for Accessories,4.4
50,"realme 9i 5G (Rocking Black, 64 GB)","₹14,999",4 GB RAM | 64 GB ROM | Expandable Upto 1 TB16.76 cm (6.6 inch) Full HD+ Display50MP + 2MP + 2MP | 8MP Front Camera5000 mAh Lithium Ion BatteryMediatek Dimensity 810 5G Processor1 Year Manufacturer Warranty for Phone and 6 Months Warranty for In-Box Accessories,4.4
51,"realme Narzo 50 (Speed Blue, 64 GB)","₹15,888",4 GB RAM | 64 GB ROM | Expandable Upto 256 GB16.76 cm (6.6 inch) Full HD+ Display50MP + 2MP + 2MP | 16MP Front Camera5000 mAh Lithium Polymer BatteryMediatek Helio G96 Processor1 Year Warranty for Phone and 6 Months Warranty for In-Box Accessories,4.4
52,"realme Narzo 50i (Carbon Black, 64 GB)","₹8,990",4 GB RAM | 64 GB ROM | Expandable Upto 256 GB16.51 cm (6.5 inch) Display8MP Rear Camera | 5MP Front Camera5000 mAh BatterySC9863A Processor1 Year Warranty for Mobile and 6 Months for Accessories,4.3
53,"realme Narzo 60 Pro 5G (Mars Orange, 256 GB)","₹28,999",12 GB RAM | 256 GB ROM17.02 cm (6.7 inch) Display100MP Rear Camera5000 mAh BatteryDomestic 1 Year of Device & 6 Months for In-Box Accessories,4.3
54,"realme C33 (Sandy Gold, 64 GB)","₹9,999",4 GB RAM | 64 GB ROM | Expandable Upto 1 TB16.51 cm (6.5 inch) HD+ Display50MP + 0.3MP | 5MP Front Camera5000 mAh Lithium Ion BatteryUnisoc T612 Processor1 Year Manufacturer Warranty for Phone and 6 Months Warranty for In-Box Accessories,4.4
55,"realme 9i 5G (Metallica Gold, 64 GB)","₹14,999",4 GB RAM | 64 GB ROM | Expandable Upto 1 TB16.76 cm (6.6 inch) Full HD+ Display50MP + 2MP + 2MP | 8MP Front Camera5000 mAh Lithium Ion BatteryMediatek Dimensity 810 5G Processor1 Year Manufacturer Warranty for Phone and 6 Months Warranty for In-Box Accessories,4.4
56,"realme C33 (Aqua Blue, 32 GB)","₹8,999",3 GB RAM | 32 GB ROM | Expandable Upto 1 TB16.51 cm (6.5 inch) HD+ Display50MP + 0.3MP | 5MP Front Camera5000 mAh Lithium Ion BatteryUnisoc T612 Processor1 Year Manufacturer Warranty for Phone and 6 Months Warranty for In-Box Accessories,4.4
57,"realme C51 (Mint Green, 128 GB)","₹9,499",4 GB RAM | 128 GB ROM | Expandable Upto 2 TB17.12 cm (6.74 inch) HD Display50MP + 0.08MP | 5MP Front Camera5000 mAh BatteryT612 Processor1 Year Manufacturer Warranty for Phone and 6 Months Warranty for In the Box Accessories,4.3
58,"realme C51 (Carbon Black, 128 GB)","₹9,499",4 GB RAM | 128 GB ROM | Expandable Upto 2 TB17.12 cm (6.74 inch) HD Display50MP + 0.08MP | 5MP Front Camera5000 mAh BatteryT612 Processor1 Year Manufacturer Warranty for Phone and 6 Months Warranty for In the Box Accessories,4.3
59,"realme 11 Pro 5G (Astral Black, 128 GB)","₹21,999",8 GB RAM | 128 GB ROM17.02 cm (6.7 inch) Full HD+ Display100MP (OIS) + 2MP | 16MP Front Camera5000 mAh BatteryDimensity 7050 Processor1 Year Manufacturer Warranty for Device and 6 Months Manufacturer Warranty for In-Box Accessories,4.4
60,"realme 11 Pro 5G (Oasis Green, 256 GB)","₹27,999",12 GB RAM | 256 GB ROM17.02 cm (6.7 inch) Full HD+ Display100MP (OIS) + 2MP | 16MP Front Camera5000 mAh BatteryDimensity 7050 Processor1 Year Manufacturer Warranty for Device and 6 Months Manufacturer Warranty for In-Box Accessories,4.3
61,"realme 10 (Clash White, 128 GB)","₹12,999",8 GB RAM | 128 GB ROM | Expandable Upto 1 TB16.26 cm (6.4 inch) Full HD+ Display50MP + 2MP | 16MP Front Camera5000 mAh BatteryMediatek Helio G99 Octa Core Processor1 Year Manufacturer Warranty for Phone and 6 Months Warranty for In-Box Accessories,4.3
62,"realme 10 (Rush Black, 64 GB)","₹9,999",4 GB RAM | 64 GB ROM | Expandable Upto 1 TB16.26 cm (6.4 inch) Full HD+ Display50MP + 2MP | 16MP Front Camera5000 mAh BatteryMediatek Helio G99 Octa Core Processor1 Year Manufacturer Warranty for Phone and 6 Months Warranty for In-Box Accessories,4.1
63,"realme GT 2 Pro (Paper Green, 128 GB)","₹21,999",8 GB RAM | 128 GB ROM17.02 cm (6.7 inch) Quad HD Display50MP + 50MP + 2MP | 32MP Front Camera5000 mAh Lithium Ion BatteryQualcomm Snapdragon 8 Gen 1 Mobile Platform Processor1 Year Manufacturer Warranty for Phone and 6 Months Warranty for In-Box Accessories,4.2
64,"realme GT 2 Pro (Paper White, 256 GB)","₹29,999",12 GB RAM | 256 GB ROM17.02 cm (6.7 inch) Quad HD Display50MP + 50MP + 2MP | 32MP Front Camera5000 mAh Lithium Ion BatteryQualcomm Snapdragon 8 Gen 1 Mobile Platform Processor1 Year Manufacturer Warranty for Phone and 6 Months Warranty for In-Box Accessories,4.3
65,"realme Narzo 60 Pro 5G (Cosmic Black, 1 TB)","₹27,999",12 GB RAM | 1 TB ROM17.02 cm (6.7 inch) Display100MP Rear Camera5000 mAh BatteryDomestic 1 Year of Device & 6 Months for In-Box Accessories,4.3
66,"realme 10 Pro+ 5G (Nebula Blue, 128 GB)","₹24,999",6 GB RAM | 128 GB ROM17.02 cm (6.7 inch) Full HD+ Display108MP + 8MP + 2MP | 16MP Front Camera5000 mAh BatteryMediatek Dimensity 1080 5G Processor1 Year Manufacturer Warranty for Phone and 6 Months Warranty for In-Box Accessories,4.4
67,"realme GT 2 Pro (Paper Green, 256 GB)","₹29,999",12 GB RAM | 256 GB ROM17.02 cm (6.7 inch) Quad HD Display50MP + 50MP + 2MP | 32MP Front Camera5000 mAh Lithium Ion BatteryQualcomm Snapdragon 8 Gen 1 Mobile Platform Processor1 Year Manufacturer Warranty for Phone and 6 Months Warranty for In-Box Accessories,4.3
68,"realme Narzo 60 Pro 5G (Mars Orange, 1 TB)","₹21,900",12 GB RAM | 1 TB ROM17.02 cm (6.7 inch) Display100MP Rear Camera5000 mAh BatteryDomestic 1 Year of Device & 6 Months for In-Box Accessories,4.3
69,"realme GT 2 Pro (Steel Black, 128 GB)","₹21,999",8 GB RAM | 128 GB ROM17.02 cm (6.7 inch) Quad HD Display50MP + 50MP + 2MP | 32MP Front Camera5000 mAh Lithium Ion BatteryQualcomm Snapdragon 8 Gen 1 Mobile Platform Processor1 Year Manufacturer Warranty for Phone and 6 Months Warranty for In-Box Accessories,4.2
70,"realme GT 2 Pro (Paper White, 128 GB)","₹21,999",8 GB RAM | 128 GB ROM17.02 cm (6.7 inch) Quad HD Display50MP + 50MP + 2MP | 32MP Front Camera5000 mAh Lithium Ion BatteryQualcomm Snapdragon 8 Gen 1 Mobile Platform Processor1 Year Manufacturer Warranty for Phone and 6 Months Warranty for In-Box Accessories,4.2
71,"realme GT 5G (Racing Yellow, 256 GB)","₹27,999",12 GB RAM | 256 GB ROM16.33 cm (6.43 inch) Full HD+ Display64MP + 8MP + 2MP | 16MP Front Camera4500 mAh BatteryQualcomm Snapdragon 888 Processor1 Year Warranty for Mobile and 6 Months for Accessories,4.4
72,"realme 10 Pro+ 5G (Dark Matter, 128 GB)","₹25,999",8 GB RAM | 128 GB ROM17.02 cm (6.7 inch) Full HD+ Display108MP + 8MP + 2MP | 16MP Front Camera5000 mAh BatteryMediatek Dimensity 1080 5G Processor1 Year Manufacturer Warranty for Phone and 6 Months Warranty for In-Box Accessories,4.4
73,"realme Narzo N53 (Feather Gold, 64 GB)","₹9,189",4 GB RAM | 64 GB ROM17.12 cm (6.74 inch) Display50MP Rear Camera5000 mAh BatteryDomestic 1 Year on Handset and 6 Months on Accessories,4.2
74,"realme 10 Pro+ 5G (Nebula Blue, 128 GB)","₹25,999",8 GB RAM | 128 GB ROM17.02 cm (6.7 inch) Full HD+ Display108MP + 8MP + 2MP | 16MP Front Camera5000 mAh BatteryMediatek Dimensity 1080 5G Processor1 Year Manufacturer Warranty for Phone and 6 Months Warranty for In-Box Accessories,4.4
75,"realme 10 Pro+ 5G (Dark Matter, 128 GB)","₹24,999",6 GB RAM | 128 GB ROM17.02 cm (6.7 inch) Full HD+ Display108MP + 8MP + 2MP | 16MP Front Camera5000 mAh BatteryMediatek Dimensity 1080 5G Processor1 Year Manufacturer Warranty for Phone and 6 Months Warranty for In-Box Accessories,4.4
76,"realme Narzo 10A (So White, 64 GB)","₹9,499",4 GB RAM | 64 GB ROM | Expandable Upto 256 GB16.56 cm (6.52 inch) HD+ Display12MP + 2MP + 2MP | 5MP Front Camera5000 mAh Lithium-ion BatteryMediaTek Helio G70 (12 nm) ProcessorBrand Warranty of 1 Year Available for Mobile and 6 Months for Accessories,4.5
77,"realme 10 Pro+ 5G (Dark Matter, 256 GB)","₹27,999",8 GB RAM | 256 GB ROM17.02 cm (6.7 inch) Full HD+ Display108MP + 8MP + 2MP | 16MP Front Camera5000 mAh BatteryMediatek Dimensity 1080 5G Processor1 Year Manufacturer Warranty for Phone and 6 Months Warranty for In-Box Accessories,4.4
78,"realme 10 Pro+ 5G (Nebula Blue, 256 GB)","₹27,999",8 GB RAM | 256 GB ROM17.02 cm (6.7 inch) Full HD+ Display108MP + 8MP + 2MP | 16MP Front Camera5000 mAh BatteryMediatek Dimensity 1080 5G Processor1 Year Manufacturer Warranty for Phone and 6 Months Warranty for In-Box Accessories,4.4
79,"realme 10 Pro+ 5G (Hyperspace, 256 GB)","₹27,999",8 GB RAM | 256 GB ROM17.02 cm (6.7 inch) Full HD+ Display108MP + 8MP + 2MP | 16MP Front Camera5000 mAh BatteryMediatek Dimensity 1080 5G Processor1 Year Manufacturer Warranty for Phone and 6 Months Warranty for In-Box Accessories,4.4
80,"realme GT 2 Pro (Steel Black, 256 GB)","₹29,999",12 GB RAM | 256 GB ROM17.02 cm (6.7 inch) Quad HD Display50MP + 50MP + 2MP | 32MP Front Camera5000 mAh Lithium Ion BatteryQualcomm Snapdragon 8 Gen 1 Mobile Platform Processor1 Year Manufacturer Warranty for Phone and 6 Months Warranty for In-Box Accessories,4.3
81,"realme 9i 5G (Soulful Blue, 128 GB)","₹16,999",6 GB RAM | 128 GB ROM | Expandable Upto 1 TB16.76 cm (6.6 inch) Full HD+ Display50MP + 2MP + 2MP | 8MP Front Camera5000 mAh Lithium Ion BatteryMediatek Dimensity 810 5G Processor1 Year Manufacturer Warranty for Phone and 6 Months Warranty for In-Box Accessories,4.3
82,"realme 9i 5G (Rocking Black, 128 GB)","₹16,999",6 GB RAM | 128 GB ROM | Expandable Upto 1 TB16.76 cm (6.6 inch) Full HD+ Display50MP + 2MP + 2MP | 8MP Front Camera5000 mAh Lithium Ion BatteryMediatek Dimensity 810 5G Processor1 Year Manufacturer Warranty for Phone and 6 Months Warranty for In-Box Accessories,4.3
83,"realme 9i 5G (Metallica Gold, 128 GB)","₹16,999",6 GB RAM | 128 GB ROM | Expandable Upto 1 TB16.76 cm (6.6 inch) Full HD+ Display50MP + 2MP + 2MP | 8MP Front Camera5000 mAh Lithium Ion BatteryMediatek Dimensity 810 5G Processor1 Year Manufacturer Warranty for Phone and 6 Months Warranty for In-Box Accessories,4.3
84,"realme 9i 5G (Soulful Blue, 64 GB)","₹14,999",4 GB RAM | 64 GB ROM | Expandable Upto 1 TB16.76 cm (6.6 inch) Full HD+ Display50MP + 2MP + 2MP | 8MP Front Camera5000 mAh Lithium Ion BatteryMediatek Dimensity 810 5G Processor1 Year Manufacturer Warranty for Phone and 6 Months Warranty for In-Box Accessories,4.4
85,"realme 6 (Comet Blue, 128 GB)","₹15,990",6 GB RAM | 128 GB ROM | Expandable Upto 256 GB16.51 cm (6.5 inch) Full HD+ Display64MP + 8MP + 2MP + 2MP | 16MP Front Camera4300 mAh BatteryMediaTek Helio G90T Processor90 Hz Ultra Smooth Display30 W Flash ChargeSide Fingerprint SensorBrand Warranty of 1 Year Available for Mobile Including Battery and 6 Months for Accessories,4.4
86,"realme C25s (Watery Grey, 64 GB)","₹8,999",4 GB RAM | 64 GB ROM | Expandable Upto 256 GB16.51 cm (6.5 inch) HD+ Display13MP + 2MP + 2MP | 8MP Front Camera6000 mAh BatteryMediaTek Helio G85 Processor1 Year Warranty for Mobile and 6 Months for Accessories,4.4
87,"realme 3 Pro (Nitro Blue, 64 GB)","₹9,999",4 GB RAM | 64 GB ROM | Expandable Upto 256 GB16.0 cm (6.3 inch) Full HD+ Display16MP + 5MP | 25MP Front Camera4045 mAh BatteryQualcomm Snapdragon 710 Octa Core 2.2 GHz AIE ProcessorDual Nano SIM Slot and Memory Card SlotVOOC Flash Charge 3.0Brand Warranty of 1 Year Available for Mobile and 6 Months for Accessories,4.5
88,"realme 5s (Crystal Red, 128 GB)","₹10,499",4 GB RAM | 128 GB ROM | Expandable Upto 256 GB16.51 cm (6.5 inch) HD+ Display48MP + 8MP + 2MP + 2MP | 13MP Front Camera5000 mAh BatteryQualcomm Snapdragon 665 ProcessorHD+ Mini Drop Display48 MP AI Quad cameraBrand Warranty of 1 Year Available for Mobile and 6 Months for Accessories,4.5
89,"realme Narzo 50i (Carbon Black, 32 GB)","₹6,799",2 GB RAM | 32 GB ROM | Expandable Upto 256 GB16.51 cm (6.5 inch) Display8MP Rear Camera | 5MP Front Camera5000 mAh BatterySC9863A Processor1 Year Warranty for Mobile and 6 Months for Accessories,4.5
90,"realme C33 2023 (Night Sea, 128 GB)","₹10,499",4 GB RAM | 128 GB ROM | Expandable Upto 1 TB16.51 cm (6.5 inch) HD+ Display50MP + 0.3MP | 5MP Front Camera5000 mAh Lithium Ion BatteryUnisoc T612 Processor1 Year Manufacturer Warranty for Phone and 6 Months Warranty for In-Box Accessories,4.3
91,"realme C25s (Watery Grey, 128 GB)","₹9,999",4 GB RAM | 128 GB ROM | Expandable Upto 256 GB16.51 cm (6.5 inch) HD+ Display13MP + 2MP + 2MP | 8MP Front Camera6000 mAh BatteryMediaTek Helio G85 Processor1 Year Warranty for Mobile and 6 Months for Accessories,4.4
92,"realme C25s (Watery Blue, 128 GB)","₹9,999",4 GB RAM | 128 GB ROM | Expandable Upto 256 GB16.51 cm (6.5 inch) HD+ Display13MP + 2MP + 2MP | 8MP Front Camera6000 mAh BatteryMediaTek Helio G85 Processor1 Year Warranty for Mobile and 6 Months for Accessories,4.4
93,"realme C33 (Aqua Blue, 64 GB)","₹9,999",4 GB RAM | 64 GB ROM | Expandable Upto 1 TB16.51 cm (6.5 inch) HD+ Display50MP + 0.3MP | 5MP Front Camera5000 mAh Lithium Ion BatteryUnisoc T612 Processor1 Year Manufacturer Warranty for Phone and 6 Months Warranty for In-Box Accessories,4.4
94,"realme Narzo 50i (Mint Green, 32 GB)","₹6,870",2 GB RAM | 32 GB ROM | Expandable Upto 256 GB16.51 cm (6.5 inch) Display8MP Rear Camera | 5MP Front Camera5000 mAh BatterySC9863A Processor1 Year Warranty for Mobile and 6 Months for Accessories,4.5
95,"realme Narzo 50A Prime (Flash Blue, 128 GB)","₹11,990",4 GB RAM | 128 GB ROM16.76 cm (6.6 inch) Display50MP Rear Camera5000 mAh Battery12 Months Brand Warranty,4.1
96,"realme 6i (Eclipse Black, 64 GB)","₹15,999",6 GB RAM | 64 GB ROM | Expandable Upto 256 GB16.51 cm (6.5 inch) Full HD+ Display48MP + 8MP + 2MP + 2MP | 16MP Front Camera4300 mAh BatteryMediaTek Helio G90T ProcessorBrand Warranty of 1 Year Available for Mobile and 6 Months for Accessories,4.4
97,"realme 7i (Fusion Green, 64 GB)","₹11,849",4 GB RAM | 64 GB ROM | Expandable Upto 256 GB16.51 cm (6.5 inch) HD+ Display64MP + 8MP + 2MP + 2MP | 16MP Front Camera5000 mAh Lithium-ion BatteryQualcomm Snapdragon 662 Processor90 Hz Ultra Smooth Display18W Quick ChargeBrand Warranty of 1 Year Available for Mobile and 6 Months for Accessories,4.3
98,"realme 7i (Fusion Blue, 64 GB)","₹11,849",4 GB RAM | 64 GB ROM | Expandable Upto 256 GB16.51 cm (6.5 inch) HD+ Display64MP + 8MP + 2MP + 2MP | 16MP Front Camera5000 mAh Lithium-ion BatteryQualcomm Snapdragon 662 Processor90 Hz Ultra Smooth Display18W Quick ChargeBrand Warranty of 1 Year Available for Mobile and 6 Months for Accessories,4.3
99,"realme 7i (Fusion Blue, 128 GB)","₹14,249",4 GB RAM | 128 GB ROM | Expandable Upto 256 GB16.51 cm (6.5 inch) HD+ Display64MP + 8MP + 2MP + 2MP | 16MP Front Camera5000 mAh Lithium-ion BatteryQualcomm Snapdragon 662 Processor90 Hz Ultra Smooth Display18W Quick ChargeBrand Warranty of 1 Year Available for Mobile and 6 Months for Accessories,4.3
100,"realme C25_Y (Metal Grey, 64 GB)","₹12,999",4 GB RAM | 64 GB ROM16.51 cm (6.5 inch) HD+ Display50MP + 2MP + 2MP | 8MP Front Camera5000 mAh LiPo BatteryUnisoc T618 Processor1 Year Domestic Warranty,4.5
101,"realme 5 (Crystal Purple, 128 GB)","₹12,999",4 GB RAM | 128 GB ROM | Expandable Upto 256 GB16.51 cm (6.5 inch) HD+ Display12MP + 8MP + 2MP + 2MP Quad Camera | 13MP Front Camera5000 mAH BatteryQualcomm Snapdragon 665 2 GHz ProcessorFingerprintBrand Warranty of 1 Year Available for Mobile and 6 Months for Accessories,4.4
102,"realme 5 (Crystal Blue, 128 GB)","₹12,999",4 GB RAM | 128 GB ROM | Expandable Upto 256 GB16.51 cm (6.5 inch) HD+ Display12MP + 8MP + 2MP + 2MP Quad Camera | 13MP Front Camera5000 mAH BatteryQualcomm Snapdragon 665 2 GHz ProcessorFingerprintBrand Warranty of 1 Year Available for Mobile and 6 Months for Accessories,4.4
103,"realme 5 (Crystal Blue, 64 GB)","₹11,999",4 GB RAM | 64 GB ROM | Expandable Upto 256 GB16.51 cm (6.5 inch) HD+ Display12MP + 8MP + 2MP + 2MP Quad Camera | 13MP Front Camera5000 mAH BatteryQualcomm Snapdragon 665 2 GHz ProcessorFingerprintBrand Warranty of 1 Year Available for Mobile and 6 Months for Accessories,4.4
104,"realme 5 (Crystal Blue, 32 GB)","₹10,999",3 GB RAM | 32 GB ROM | Expandable Upto 256 GB16.51 cm (6.5 inch) HD+ Display12MP + 8MP + 2MP + 2MP Quad Camera | 13MP Front Camera5000 mAH BatteryQualcomm Snapdragon 665 2 GHz ProcessorFingerprintBrand Warranty of 1 Year Available for Mobile and 6 Months for Accessories,4.5
105,"realme Narzo 50A (Oxygen Green, 64 GB)","₹10,199",4 GB RAM | 64 GB ROM | Expandable Upto 256 GB16.51 cm (6.5 inch) HD+ Display50MP + 2MP + 2MP | 8MP Front Camera6000 mAh BatteryMediaTek Helio G85 Processor1 Year Warranty for Mobile and 6 Months for Accessories,4.4
106,"realme C25_Y (Metal Grey, 128 GB)","₹13,999",4 GB RAM | 128 GB ROM16.51 cm (6.5 inch) HD+ Display50MP + 2MP + 2MP | 8MP Front Camera5000 mAh LiPo BatteryUnisoc T618 Processor1 Year Domestic Warranty,4.5
107,"realme Narzo 50A Prime (Flash Black, 64 GB)","₹10,180",4 GB RAM | 64 GB ROM | Expandable Upto 512 GB16.76 cm (6.6 inch) Full HD+ Display50MP Rear Camera | 8MP Front Camera5000 mAh Battery1 Year Manufacturer Warranty for Phone and 6 Months Warranty for In-Box Accessories,4.1
108,"realme Narzo 20A (Glory Silver, 64 GB)","₹9,999",4 GB RAM | 64 GB ROM | Expandable Upto 256 GB16.51 cm (6.5 inch) HD+ Display12MP + 2MP + 2MP | 8MP Front Camera5000 mAh Lithium-ion BatteryQualcomm Snapdragon 665 ProcessorBrand Warranty of 1 Year Available for Mobile and 6 Months for Accessories,4.4
109,"realme Narzo 10 (That Blue, 128 GB)","₹11,999",4 GB RAM | 128 GB ROM | Expandable Upto 256 GB16.51 cm (6.5 inch) HD+ Display48MP + 8MP + 2MP + 2MP | 16MP Front Camera5000 mAh Lithium-ion BatteryMediaTek Helio G80 (12 nm) ProcessorBrand Warranty of 1 Year Available for Mobile and 6 Months for Accessories,4.5
110,"realme Narzo 20A (Victory Blue, 64 GB)","₹11,999",4 GB RAM | 64 GB ROM | Expandable Upto 256 GB16.51 cm (6.5 inch) HD+ Display12MP + 2MP + 2MP | 8MP Front Camera5000 mAh Lithium-ion BatteryQualcomm Snapdragon 665 ProcessorBrand Warranty of 1 Year Available for Mobile and 6 Months for Accessories,4.4
111,"realme Narzo 50 Pro 5G (Hyper Black, 128 GB)","₹27,999",8 GB RAM | 128 GB ROM16.26 cm (6.4 inch) Display48MP Rear Camera5000 mAh BatteryDimensity 920 5G Processor Processor12Months Brand Warranty,4.2
112,"realme Narzo 20 Pro (White Knight, 128 GB)","₹17,999",8 GB RAM | 128 GB ROM | Expandable Upto 256 GB16.51 cm (6.5 inch) Full HD+ Display48MP + 8MP + 2MP + 2MP | 16MP Front Camera4500 mAh Lithium-ion BatteryMediaTek Helio G95 Processor65W Super Dart ChargerBrand Warranty of 1 Year Available for Mobile and 6 Months for Accessories,4.3
113,"realme Narzo 60 Pro 5G (Mars Orange, 256 GB)","₹28,999",12 GB RAM | 256 GB ROM17.02 cm (6.7 inch) Display100MP Rear Camera5000 mAh BatteryDomestic 1 Year of Device & 6 Months for In-Box Accessories,4.3
114,"realme Narzo 50A (Oxygen Blue, 64 GB)","₹10,369",4 GB RAM | 64 GB ROM | Expandable Upto 256 GB16.51 cm (6.5 inch) HD+ Display50MP + 2MP + 2MP | 8MP Front Camera6000 mAh BatteryMediaTek Helio G85 Processor1 Year Warranty for Mobile and 6 Months for Accessories,4.4
115,"realme 9 5G (Meteor Black, 64 GB)","₹13,999",4 GB RAM | 64 GB ROM | Expandable Upto 1 TB16.51 cm (6.5 inch) Full HD+ Display48MP + 2MP + 2MP | 16MP Front Camera5000 mAh Lithium Polymer BatteryMediatek Dimensity 810 Processor1 Year Warranty for Phone and 6 Months Warranty for In-Box Accessories,4.5
116,"realme 2 (Diamond Black, 32 GB)","₹9,990",3 GB RAM | 32 GB ROM | Expandable Upto 256 GB15.75 cm (6.2 inch) HD+ Display13MP + 2MP | 8MP Front Camera4230 mAh Li-ion BatteryQualcomm Snapdragon 450 Octa Core 1.8 GHz ProcessorBrand Warranty of 1 Year Available for Mobile and 6 Months for Accessories,4.5
117,"realme GT 5G (Dashing Silver, 128 GB)","₹23,999",8 GB RAM | 128 GB ROM16.33 cm (6.43 inch) Full HD+ Display64MP + 8MP + 2MP | 16MP Front Camera4500 mAh BatteryQualcomm Snapdragon 888 Processor1 Year Warranty for Mobile and 6 Months for Accessories,4.2
118,"realme Narzo 50 (Speed Black, 128 GB)","₹12,490",6 GB RAM | 128 GB ROM | Expandable Upto 256 GB16.76 cm (6.6 inch) Full HD+ Display50MP + 2MP + 2MP | 16MP Front Camera5000 mAh Lithium Polymer BatteryMediatek Helio G96 Processor1 Year Warranty for Phone and 6 Months Warranty for In-Box Accessories,4.3
119,"realme Narzo 50i Prime (Dark Blue, 32 GB)","₹7,999",3 GB RAM | 32 GB ROM16.51 cm (6.5 inch) Display8MP Rear Camera5000 mAh Battery1 Year Domestic Warranty for Phone and 6 Months Warranty for In-Box Accessories,4.2
120,"realme Narzo 50 (Speed Black, 128 GB)","₹12,490",6 GB RAM | 128 GB ROM | Expandable Upto 256 GB16.76 cm (6.6 inch) Full HD+ Display50MP + 2MP + 2MP | 16MP Front Camera5000 mAh Lithium Polymer BatteryMediatek Helio G96 Processor1 Year Warranty for Phone and 6 Months Warranty for In-Box Accessories,4.3
121,"realme X7 Pro 5G (Mystic Black, 128 GB)","₹29,999",8 GB RAM | 128 GB ROM16.64 cm (6.55 inch) Full HD+ Display64MP + 8MP + 2MP + 2MP | 32MP Front Camera4500 mAh BatteryMediaTek Dimensity 1000 Plus Processor120 Hz sAmoled Display|65W SuperDart ChargingDual Stereo Speakers with Dolby AtmosBrand Warranty of 1 Year Available for Mobile and 6 Months for Accessories,4.2
122,"realme GT 5G (Dashing Silver, 128 GB)","₹23,999",8 GB RAM | 128 GB ROM16.33 cm (6.43 inch) Full HD+ Display64MP + 8MP + 2MP | 16MP Front Camera4500 mAh BatteryQualcomm Snapdragon 888 Processor1 Year Warranty for Mobile and 6 Months for Accessories,4.2
123,"realme Narzo 20 Pro (White Knight, 128 GB)","₹17,999",8 GB RAM | 128 GB ROM | Expandable Upto 256 GB16.51 cm (6.5 inch) Full HD+ Display48MP + 8MP + 2MP + 2MP | 16MP Front Camera4500 mAh Lithium-ion BatteryMediaTek Helio G95 Processor65W Super Dart ChargerBrand Warranty of 1 Year Available for Mobile and 6 Months for Accessories,4.3
124,"realme Narzo 50 (Speed Blue, 128 GB)","₹11,790",6 GB RAM | 128 GB ROM | Expandable Upto 256 GB16.76 cm (6.6 inch) Full HD+ Display50MP + 2MP + 2MP | 16MP Front Camera5000 mAh Lithium Polymer BatteryMediatek Helio G96 Processor1 Year Warranty for Phone and 6 Months Warranty for In-Box Accessories,4.3
125,"realme Narzo N53 (Feather Gold, 128 GB)","₹10,315",6 GB RAM | 128 GB ROM17.12 cm (6.74 inch) Display50MP Rear Camera5000 mAh BatteryDomestic 1 Year on Handset and 6 Months on Accessories,4.2
126,"realme 9 (Stargaze White, 128 GB)","₹16,999",6 GB RAM | 128 GB ROM | Expandable Upto 256 GB16.26 cm (6.4 inch) Full HD+ AMOLED Display108MP + 8MP + 2MP | 16MP Front Camera5000 mAh Lithium Ion BatteryQualcomm Snapdragon 680 Processor1 Year Manufacturer Warranty for Phone and 6 Months Warranty for In-Box Accessories,4.4
127,"realme Narzo 50i Prime (Dark Blue, 32 GB)","₹7,890",3 GB RAM | 32 GB ROM16.51 cm (6.5 inch) Display8MP Rear Camera | 5MP Front Camera5000 mAh BatteryUnisoc T612 processor Processor1 Year Domestic Warranty for Phone and 6 Months Warranty for In-Box Accessories,4.2
128,"realme C3 (Volcano Grey, 32 GB)","₹8,999",3 GB RAM | 32 GB ROM | Expandable Upto 256 GB16.56 cm (6.52 inch) HD+ Display12MP + 2MP | 5MP Front Camera5000 mAh BatteryHelio G70 ProcessorBrand Warranty of 1 Year Available for Mobile and 6 Months for Accessories,4.4
129,"realme C2 (Diamond Black, 32 GB)","₹7,999",2 GB RAM | 32 GB ROM | Expandable Upto 256 GB15.49 cm (6.1 inch) HD+ Display13MP + 2MP | 5MP Front Camera4000 mAh BatteryMediaTek P22 Octa Core 2.0 GHz ProcessorDual Nano SIM slots and Memory Card SlotFace UnlockBrand Warranty of 1 Year Available for Mobile and 6 Months for Accessories,4.4
130,"realme Narzo 20 Pro (Black Ninja, 64 GB)","₹14,999",6 GB RAM | 64 GB ROM | Expandable Upto 256 GB16.51 cm (6.5 inch) Full HD+ Display48MP + 8MP + 2MP + 2MP | 16MP Front Camera4500 mAh Lithium-ion BatteryMediaTek Helio G95 Processor65W Super Dart ChargerBrand Warranty of 1 Year Available for Mobile and 6 Months for Accessories,4.4
131,"realme Narzo 20 Pro (White Knight, 64 GB)","₹14,999",6 GB RAM | 64 GB ROM | Expandable Upto 256 GB16.51 cm (6.5 inch) Full HD+ Display48MP + 8MP + 2MP + 2MP | 16MP Front Camera4500 mAh Lithium-ion BatteryMediaTek Helio G95 Processor65W Super Dart ChargerBrand Warranty of 1 Year Available for Mobile and 6 Months for Accessories,4.4
132,"realme 5 (Crystal Purple, 32 GB)","₹8,399",3 GB RAM | 32 GB ROM | Expandable Upto 256 GB16.51 cm (6.5 inch) HD+ Display12MP + 8MP + 2MP + 2MP Quad Camera | 13MP Front Camera5000 mAH BatteryQualcomm Snapdragon 665 2 GHz ProcessorFingerprintBrand Warranty of 1 Year Available for Mobile and 6 Months for Accessories,4.5
133,"realme C2 (Diamond Blue, 32 GB)","₹7,999",2 GB RAM | 32 GB ROM | Expandable Upto 256 GB15.49 cm (6.1 inch) HD+ Display13MP + 2MP | 5MP Front Camera4000 mAh BatteryMediaTek P22 Octa Core 2.0 GHz ProcessorDual Nano SIM slots and Memory Card SlotFace UnlockBrand Warranty of 1 Year Available for Mobile and 6 Months for Accessories,4.4
134,"realme GT Neo 3T (Drifting White, 256 GB)","₹33,999",8 GB RAM | 256 GB ROM16.81 cm (6.62 inch) Full HD+ AMOLED Display64MP + 8MP + 2MP | 16MP Front Camera5000 mAh Lithium Ion BatteryQualcomm Snapdragon 870 Processor1 Year Manufacturer Warranty for Phone and 6 Months Warranty for In-Box Accessories,4.3
135,"realme GT Neo 3 (Asphalt Black, 256 GB)","₹38,999",8 GB RAM | 256 GB ROM17.02 cm (6.7 inch) Full HD+ Display50MP + 8MP + 2MP | 16MP Front Camera5000 mAh Lithium Ion BatteryMediatek Dimensity 8100 Processor1 Year Manufacturer Warranty for Phone and 6 Months Warranty for In-Box Accessories,4.2
136,"realme GT Neo 3T (Drifting White, 128 GB)","₹31,999",8 GB RAM | 128 GB ROM16.81 cm (6.62 inch) Full HD+ AMOLED Display64MP + 8MP + 2MP | 16MP Front Camera5000 mAh Lithium Ion BatteryQualcomm Snapdragon 870 Processor1 Year Manufacturer Warranty for Phone and 6 Months Warranty for In-Box Accessories,4.3
137,"realme GT Neo 3T (Shade Black, 128 GB)","₹29,999",6 GB RAM | 128 GB ROM16.81 cm (6.62 inch) Full HD+ AMOLED Display64MP + 8MP + 2MP | 16MP Front Camera5000 mAh Lithium Ion BatteryQualcomm Snapdragon 870 Processor1 Year Manufacturer Warranty for Phone and 6 Months Warranty for In-Box Accessories,4.3
138,"realme Narzo 60X 5G (Nebula Purple, 128 GB)","₹13,999",4 GB RAM | 128 GB ROM17.07 cm (6.72 inch) Display50MP Rear Camera5000 mAh BatteryDomestic Warranty 1 Year For Handset and 6 Months For Accessories.,4.3
139,"realme GT Neo 3 (Nitro Blue, 256 GB)","₹38,999",8 GB RAM | 256 GB ROM17.02 cm (6.7 inch) Full HD+ Display50MP + 8MP + 2MP | 16MP Front Camera5000 mAh Lithium Ion BatteryMediatek Dimensity 8100 Processor1 Year Manufacturer Warranty for Phone and 6 Months Warranty for In-Box Accessories,4.2
140,"realme GT Neo 3 (Asphalt Black, 128 GB)","₹30,999",8 GB RAM | 128 GB ROM17.02 cm (6.7 inch) Full HD+ Display50MP + 8MP + 2MP | 16MP Front Camera5000 mAh Lithium Ion BatteryMediatek Dimensity 8100 Processor1 Year Manufacturer Warranty for Phone and 6 Months Warranty for In-Box Accessories,4.2
141,"realme narzo 50 5G (Hyper Blue, 128 GB)","₹17,899",6 GB RAM | 128 GB ROM16.76 cm (6.6 inch) Display48MP Rear Camera5000 mAh Battery12Months Brand Warranty,4.3
142,"realme Narzo 30 Pro 5G (Sword Black, 64 GB)","₹18,990",6 GB RAM | 64 GB ROM | Expandable Upto 256 GB16.51 cm (6.5 inch) Full HD+ Display48MP + 8MP + 2MP | 16MP Front Camera5000 mAh BatteryMediaTek Dimensity 800U Processor1 Year Warranty for Mobile and 6 Months for Accessories,4.3
143,"realme Narzo 30 Pro 5G (Sword Black, 128 GB)","₹20,999",8 GB RAM | 128 GB ROM | Expandable Upto 256 GB16.51 cm (6.5 inch) Full HD+ Display48MP + 8MP + 2MP | 16MP Front Camera5000 mAh BatteryMediaTek Dimensity 800U Processor1 Year Warranty for Mobile and 6 Months for Accessories,4.3
144,"realme 8 (Punk Black, 128 GB)","₹13,499",4 GB RAM | 128 GB ROM | Expandable Upto 256 GB16.26 cm (6.4 inch) Full HD+ Display64MP + 8MP + 2MP + 2MP | 16MP Front Camera5000 mAh BatteryMediaTek Helio G95 ProcessorSuper AMOLED Display1 Year Warranty for Mobile and 6 Months for Accessories,4.4
145,"realme 7 Pro (Mirror Silver, 128 GB)","₹21,999",8 GB RAM | 128 GB ROM | Expandable Upto 256 GB16.26 cm (6.4 inch) Full HD+ Display64MP + 8MP + 2MP + 2MP | 32MP Front Camera4500 mAh Lithium-ion BatteryQualcomm Snapdragon 720G ProcessorSuper AMOLED Display65 W SuperDart ChargeBrand Warranty of 1 Year Available for Mobile and 6 Months for Accessories,4.4
146,"realme C12 (Power Silver, 32 GB)","₹10,999",3 GB RAM | 32 GB ROM | Expandable Upto 256 GB16.56 cm (6.52 inch) HD+ Display13MP + 2MP + 2MP | 5MP Front Camera6000 mAh Lithium-ion BatteryMediatek Helio G35 ProcessorBrand Warranty of 1 Year Available for Mobile and 6 Months for Accessories,4.4
147,"realme GT Neo 3T (Drifting White, 256 GB)","₹33,999",8 GB RAM | 256 GB ROM16.81 cm (6.62 inch) Full HD+ AMOLED Display64MP + 8MP + 2MP | 16MP Front Camera5000 mAh Lithium Ion BatteryQualcomm Snapdragon 870 Processor1 Year Manufacturer Warranty for Phone and 6 Months Warranty for In-Box Accessories,4.3
148,"realme 7 Pro (Mirror Blue, 128 GB)","₹19,999",6 GB RAM | 128 GB ROM | Expandable Upto 256 GB16.26 cm (6.4 inch) Full HD+ Display64MP + 8MP + 2MP + 2MP | 32MP Front Camera4500 mAh Lithium-ion BatteryQualcomm Snapdragon 720G ProcessorSuper AMOLED Display65 W SuperDart ChargeBrand Warranty of 1 Year Available for Mobile and 6 Months for Accessories,4.4
149,"realme Narzo 30A (Laser Blue, 64 GB)","₹9,885",4 GB RAM | 64 GB ROM | Expandable Upto 256 GB16.54 cm (6.51 inch) HD+ Display13MP + 2MP | 8MP Front Camera6000 mAh BatteryMediaTek Helio G85 Processor1 Year Warranty for Mobile and 6 Months for Accessories,4.4
150,"realme GT Neo 3T (Drifting White, 128 GB)","₹31,999",8 GB RAM | 128 GB ROM16.81 cm (6.62 inch) Full HD+ AMOLED Display64MP + 8MP + 2MP | 16MP Front Camera5000 mAh Lithium Ion BatteryQualcomm Snapdragon 870 Processor1 Year Manufacturer Warranty for Phone and 6 Months Warranty for In-Box Accessories,4.3
151,"realme GT Neo 3T (Shade Black, 128 GB)","₹29,999",6 GB RAM | 128 GB ROM16.81 cm (6.62 inch) Full HD+ AMOLED Display64MP + 8MP + 2MP | 16MP Front Camera5000 mAh Lithium Ion BatteryQualcomm Snapdragon 870 Processor1 Year Manufacturer Warranty for Phone and 6 Months Warranty for In-Box Accessories,4.3
152,"realme Narzo 50A Prime (Flash Blue, 128 GB)","₹11,899",4 GB RAM | 128 GB ROM16.76 cm (6.6 inch) Display50MP Rear Camera5000 mAh Battery12 Months Brand Warranty,4.1
153,"realme Narzo 30A (Laser Black, 32 GB)","₹8,999",3 GB RAM | 32 GB ROM | Expandable Upto 256 GB16.54 cm (6.51 inch) HD+ Display13MP + 2MP | 8MP Front Camera6000 mAh BatteryMediaTek Helio G85 Processor1 Year Warranty for Mobile and 6 Months for Accessories,4.3
154,"realme C33 2023 (Sandy Gold, 128 GB)","₹10,499",4 GB RAM | 128 GB ROM | Expandable Upto 1 TB16.51 cm (6.5 inch) HD+ Display50MP + 0.3MP | 5MP Front Camera5000 mAh Lithium Ion BatteryUnisoc T612 Processor1 Year Manufacturer Warranty for Phone and 6 Months Warranty for In-Box Accessories,4.3
155,"realme 6i (Lunar White, 64 GB)","₹14,049",6 GB RAM | 64 GB ROM | Expandable Upto 256 GB16.51 cm (6.5 inch) Full HD+ Display48MP + 8MP + 2MP + 2MP | 16MP Front Camera4300 mAh BatteryMediaTek Helio G90T ProcessorBrand Warranty of 1 Year Available for Mobile and 6 Months for Accessories,4.4
156,"realme C25s (Watery Blue, 64 GB)","₹8,999",4 GB RAM | 64 GB ROM | Expandable Upto 256 GB16.51 cm (6.5 inch) HD+ Display13MP + 2MP + 2MP | 8MP Front Camera6000 mAh BatteryMediaTek Helio G85 Processor1 Year Warranty for Mobile and 6 Months for Accessories,4.4
157,"realme 6i (Eclipse Black, 64 GB)","₹14,999",4 GB RAM | 64 GB ROM | Expandable Upto 256 GB16.51 cm (6.5 inch) Full HD+ Display48MP + 8MP + 2MP + 2MP | 16MP Front Camera4300 mAh BatteryMediaTek Helio G90T ProcessorBrand Warranty of 1 Year Available for Mobile and 6 Months for Accessories,4.4
158,"realme Narzo 50i (Mint Green, 32 GB)","₹6,870",2 GB RAM | 32 GB ROM | Expandable Upto 256 GB16.51 cm (6.5 inch) Display8MP Rear Camera | 5MP Front Camera5000 mAh BatterySC9863A Processor1 Year Warranty for Mobile and 6 Months for Accessories,4.5
159,"realme Narzo 10 (That White, 128 GB)","₹12,999",4 GB RAM | 128 GB ROM | Expandable Upto 256 GB16.51 cm (6.5 inch) HD+ Display48MP + 8MP + 2MP + 2MP | 16MP Front Camera5000 mAh Lithium-ion BatteryMediaTek Helio G80 (12 nm) ProcessorBrand Warranty of 1 Year Available for Mobile and 6 Months for Accessories,4.5
160,"realme Narzo 50 Pro 5G (Hyper Blue, 128 GB)","₹20,990",8 GB RAM | 128 GB ROM16.26 cm (6.4 inch) Display48MP Rear Camera5000 mAh BatteryDimensity 920 5G Processor Processor12Months Brand Warranty,4.2
161,"realme C33 2023 (Aqua Blue, 64 GB)","₹9,999",4 GB RAM | 64 GB ROM | Expandable Upto 1 TB16.51 cm (6.5 inch) HD+ Display50MP + 0.3MP | 5MP Front Camera5000 mAh Lithium Ion BatteryUnisoc T612 Processor1 Year Manufacturer Warranty for Phone and 6 Months Warranty for In-Box Accessories,4.3
162,"realme C33 2023 (Sandy Gold, 64 GB)","₹9,999",4 GB RAM | 64 GB ROM | Expandable Upto 1 TB16.51 cm (6.5 inch) HD+ Display50MP + 0.3MP | 5MP Front Camera5000 mAh Lithium Ion BatteryUnisoc T612 Processor1 Year Manufacturer Warranty for Phone and 6 Months Warranty for In-Box Accessories,4.3
163,"realme 3 (Radiant Blue, 64 GB)","₹10,499",4 GB RAM | 64 GB ROM | Expandable Upto 256 GB15.8 cm (6.22 inch) HD+ Display13MP + 2MP | 13MP Front Camera4230 mAh BatteryMediaTek Helio P70 Octa Core 2.1 GHz AI ProcessorTriple Slots (Dual SIM + Memory Card)Fingerprint Sensor and Face UnlockBrand Warranty of 1 Year Available for Mobile and 6 Months for Accessories,4.4
164,"realme 3 (Radiant Blue, 32 GB)","₹8,499",3 GB RAM | 32 GB ROM | Expandable Upto 256 GB15.8 cm (6.22 inch) HD+ Display13MP + 2MP | 13MP Front Camera4230 mAh BatteryMediaTek Helio P70 Octa Core 2.1 GHz AI ProcessorTriple Slots (Dual SIM + Memory Card)Fingerprint Sensor and Face UnlockBrand Warranty of 1 Year Available for Mobile and 6 Months for Accessories,4.5
165,"realme 3 (Radiant Blue, 64 GB)","₹9,499",3 GB RAM | 64 GB ROM | Expandable Upto 256 GB15.8 cm (6.22 inch) HD+ Display13MP + 2MP | 13MP Front Camera4230 mAh BatteryMediaTek Helio P70 Octa Core 2.1 GHz AI ProcessorBrand Warranty of 1 Year Available for Mobile and 6 Months for Accessories,4.5
166,"realme 3 (Dynamic Black, 32 GB)","₹8,499",3 GB RAM | 32 GB ROM | Expandable Upto 256 GB15.8 cm (6.22 inch) HD+ Display13MP + 2MP | 13MP Front Camera4230 mAh BatteryMediaTek Helio P70 Octa Core 2.1 GHz AI ProcessorTriple Slots (Dual SIM + Memory Card)Fingerprint Sensor and Face UnlockBrand Warranty of 1 Year Available for Mobile and 6 Months for Accessories,4.5
167,"realme 8 5G (Supersonic Black, 128 GB)","₹16,499",4 GB RAM | 128 GB ROM | Expandable Upto 1 TB16.51 cm (6.5 inch) Full HD+ Display48MP + 2MP + 2MP | 16MP Front Camera5000 mAh BatteryMediaTek Dimensity 700 (MT6833) Processor1 Year Warranty for Mobile and 6 Months for Accessories,4.3
168,"realme 8 5G (Supersonic Black, 128 GB)","₹16,499",4 GB RAM | 128 GB ROM | Expandable Upto 1 TB16.51 cm (6.5 inch) Full HD+ Display48MP + 2MP + 2MP | 16MP Front Camera5000 mAh BatteryMediaTek Dimensity 700 (MT6833) Processor1 Year Warranty for Mobile and 6 Months for Accessories,4.3
169,"realme C30s (Stripe Black, 32 GB)","₹6,999",2 GB RAM | 32 GB ROM | Expandable Upto 1 TB16.51 cm (6.5 inch) HD+ Display8MP Rear Camera | 5MP Front Camera5000 mAh Lithium Ion BatteryUnisoc SC9863A/ Unisoc SC9863A1 Processor1 Year Manufacturer Warranty for Phone and 6 Months Warranty for In-Box Accessories,4.4
170,"realme 8 5G (Supersonic Blue, 128 GB)","₹16,499",4 GB RAM | 128 GB ROM | Expandable Upto 1 TB16.51 cm (6.5 inch) Full HD+ Display48MP + 2MP + 2MP | 16MP Front Camera5000 mAh BatteryMediaTek Dimensity 700 (MT6833) Processor1 Year Warranty for Mobile and 6 Months for Accessories,4.3
171,"realme C30s (Stripe Black, 64 GB)","₹8,499",4 GB RAM | 64 GB ROM | Expandable Upto 1 TB16.51 cm (6.5 inch) HD+ Display8MP Rear Camera | 5MP Front Camera5000 mAh Lithium Ion BatteryUnisoc SC9863A/ Unisoc SC9863A1 Processor1 Year Manufacturer Warranty for Phone and 6 Months Warranty for In-Box Accessories,4.2
172,"realme C3 (Frozen Blue, 32 GB)","₹7,499",3 GB RAM | 32 GB ROM | Expandable Upto 256 GB16.56 cm (6.52 inch) HD+ Display12MP + 2MP | 5MP Front Camera5000 mAh BatteryHelio G70 ProcessorBrand Warranty of 1 Year Available for Mobile and 6 Months for Accessories,4.4
173,"realme 9i (Prism Blue, 128 GB)","₹13,499",4 GB RAM | 128 GB ROM | Expandable Upto 1 TB16.76 cm (6.6 inch) Full HD+ Display50MP + 2MP + 2MP | 16MP Front Camera5000 mAh Lithium ion BatteryQualcomm Snapdragon 680 (SM6225) Processor1 Year Manufacturer Warranty for Phone and 6 Months Warranty for in the Box Accessories,4.5
174,"realme Narzo 20A (Victory Blue, 32 GB)","₹10,999",3 GB RAM | 32 GB ROM | Expandable Upto 256 GB16.51 cm (6.5 inch) HD+ Display12MP + 2MP + 2MP | 8MP Front Camera5000 mAh Lithium-ion BatteryQualcomm Snapdragon 665 ProcessorBrand Warranty of 1 Year Available for Mobile and 6 Months for Accessories,4.3
175,"realme GT Master Edition (Daybreak Blue, 256 GB)","₹25,999",8 GB RAM | 256 GB ROM16.33 cm (6.43 inch) Full HD+ Display64MP + 8MP + 2MP | 32MP Front Camera4300 mAh BatteryQualcomm Snapdragon 778G Processor1 Year Warranty for Mobile and 6 Months for Accessories,4.3
176,"realme GT Master Edition (Voyager Grey, 256 GB)","₹25,999",8 GB RAM | 256 GB ROM16.33 cm (6.43 inch) Full HD+ Display64MP + 8MP + 2MP | 32MP Front Camera4300 mAh BatteryQualcomm Snapdragon 778G Processor1 Year Warranty for Mobile and 6 Months for Accessories,4.3
177,"realme C30s (Stripe Blue, 32 GB)","₹6,999",2 GB RAM | 32 GB ROM | Expandable Upto 1 TB16.51 cm (6.5 inch) HD+ Display8MP Rear Camera | 5MP Front Camera5000 mAh Lithium Ion BatteryUnisoc SC9863A/ Unisoc SC9863A1 Processor1 Year Manufacturer Warranty for Phone and 6 Months Warranty for In-Box Accessories,4.4
178,"realme 8 5G (Supersonic Black, 128 GB)","₹18,499",8 GB RAM | 128 GB ROM | Expandable Upto 1 TB16.51 cm (6.5 inch) Full HD+ Display48MP + 2MP + 2MP | 16MP Front Camera5000 mAh BatteryMediaTek Dimensity 700 (MT6833) Processor1 Year Warranty for Mobile and 6 Months for Accessories,4.4
179,"realme 8 5G (Supersonic Blue, 128 GB)","₹18,499",8 GB RAM | 128 GB ROM | Expandable Upto 1 TB16.51 cm (6.5 inch) Full HD+ Display48MP + 2MP + 2MP | 16MP Front Camera5000 mAh BatteryMediaTek Dimensity 700 (MT6833) Processor1 Year Warranty for Mobile and 6 Months for Accessories,4.4
180,"realme 9 (Sunburst Gold, 128 GB)","₹16,999",6 GB RAM | 128 GB ROM | Expandable Upto 256 GB16.26 cm (6.4 inch) Full HD+ AMOLED Display108MP + 8MP + 2MP | 16MP Front Camera5000 mAh Lithium Ion BatteryQualcomm Snapdragon 680 Processor1 Year Manufacturer Warranty for Phone and 6 Months Warranty for In-Box Accessories,4.4
181,"realme C3 (Blazing Red, 64 GB)","₹8,999",4 GB RAM | 64 GB ROM | Expandable Upto 256 GB16.56 cm (6.52 inch) HD+ Display12MP + 2MP | 5MP Front Camera5000 mAh BatteryHelio G70 ProcessorBrand Warranty of 1 Year Available for Mobile and 6 Months for Accessories,4.4
182,"realme 9 (Stargaze White, 128 GB)","₹17,999",8 GB RAM | 128 GB ROM | Expandable Upto 256 GB16.26 cm (6.4 inch) Full HD+ AMOLED Display108MP + 8MP + 2MP | 16MP Front Camera5000 mAh Lithium Ion BatteryQualcomm Snapdragon 680 Processor1 Year Manufacturer Warranty for Phone and 6 Months Warranty for In-Box Accessories,4.4
183,"realme 8 5G (Supersonic Black, 64 GB)","₹15,499",4 GB RAM | 64 GB ROM | Expandable Upto 1 TB16.51 cm (6.5 inch) Full HD+ Display48MP + 2MP + 2MP | 16MP Front Camera5000 mAh BatteryMediaTek Dimensity 700 (MT6833) Processor1 Year Warranty for Mobile and 6 Months for Accessories,4.3
184,"realme GT Master Edition (Voyager Grey, 128 GB)","₹21,999",6 GB RAM | 128 GB ROM16.33 cm (6.43 inch) Full HD+ Display64MP + 8MP + 2MP | 32MP Front Camera4300 mAh BatteryQualcomm Snapdragon 778G Processor1 Year Warranty for Mobile and 6 Months for Accessories,4.4
185,"realme 8 5G (Supersonic Blue, 64 GB)","₹15,499",4 GB RAM | 64 GB ROM | Expandable Upto 1 TB16.51 cm (6.5 inch) Full HD+ Display48MP + 2MP + 2MP | 16MP Front Camera5000 mAh BatteryMediaTek Dimensity 700 (MT6833) Processor1 Year Warranty for Mobile and 6 Months for Accessories,4.3
186,"realme 9 (Meteor Black, 128 GB)","₹17,999",8 GB RAM | 128 GB ROM | Expandable Upto 256 GB16.26 cm (6.4 inch) Full HD+ AMOLED Display108MP + 8MP + 2MP | 16MP Front Camera5000 mAh Lithium Ion BatteryQualcomm Snapdragon 680 Processor1 Year Manufacturer Warranty for Phone and 6 Months Warranty for In-Box Accessories,4.4
187,"realme 9 (Meteor Black, 128 GB)","₹16,999",6 GB RAM | 128 GB ROM | Expandable Upto 256 GB16.26 cm (6.4 inch) Full HD+ AMOLED Display108MP + 8MP + 2MP | 16MP Front Camera5000 mAh Lithium Ion BatteryQualcomm Snapdragon 680 Processor1 Year Manufacturer Warranty for Phone and 6 Months Warranty for In-Box Accessories,4.4
188,"realme 9 (Sunburst Gold, 128 GB)","₹17,999",8 GB RAM | 128 GB ROM | Expandable Upto 256 GB16.26 cm (6.4 inch) Full HD+ AMOLED Display108MP + 8MP + 2MP | 16MP Front Camera5000 mAh Lithium Ion BatteryQualcomm Snapdragon 680 Processor1 Year Manufacturer Warranty for Phone and 6 Months Warranty for In-Box Accessories,4.4
189,"realme GT Master Edition (Voyager Grey, 128 GB)","₹23,999",8 GB RAM | 128 GB ROM16.33 cm (6.43 inch) Full HD+ Display64MP + 8MP + 2MP | 32MP Front Camera4300 mAh BatteryQualcomm Snapdragon 778G Processor1 Year Warranty for Mobile and 6 Months for Accessories,4.3
190,"realme C2 (Diamond Sapphire, 32 GB)","₹8,999",3 GB RAM | 32 GB ROM | Expandable Upto 256 GB15.49 cm (6.1 inch) HD+ Display13MP + 2MP | 5MP Front Camera4000 mAh BatteryMediaTek P22 Octa Core 2.0 GHz ProcessorDual Nano SIM slots and Memory Card SlotFace UnlockBrand Warranty of 1 Year Available for Mobile and 6 Months for Accessories,4.4
191,"realme GT Master Edition (Cosmos Black, 256 GB)","₹25,999",8 GB RAM | 256 GB ROM16.33 cm (6.43 inch) Full HD+ Display64MP + 8MP + 2MP | 32MP Front Camera4300 mAh BatteryQualcomm Snapdragon 778G Processor1 Year Warranty for Mobile and 6 Months for Accessories,4.3
192,"realme 9 (Sunburst Gold, 128 GB)","₹17,999",8 GB RAM | 128 GB ROM | Expandable Upto 256 GB16.26 cm (6.4 inch) Full HD+ AMOLED Display108MP + 8MP + 2MP | 16MP Front Camera5000 mAh Lithium Ion BatteryQualcomm Snapdragon 680 Processor1 Year Manufacturer Warranty for Phone and 6 Months Warranty for In-Box Accessories,4.4
193,"realme GT Master Edition (Luna White, 128 GB)","₹21,999",6 GB RAM | 128 GB ROM16.33 cm (6.43 inch) Full HD+ Display64MP + 8MP + 2MP | 32MP Front Camera4300 mAh BatteryQualcomm Snapdragon 778G Processor1 Year Warranty for Mobile and 6 Months for Accessories,4.4
194,"realme GT Master Edition (Daybreak Blue, 128 GB)","₹21,999",6 GB RAM | 128 GB ROM16.33 cm (6.43 inch) Full HD+ Display64MP + 8MP + 2MP | 32MP Front Camera4300 mAh BatteryQualcomm Snapdragon 778G Processor1 Year Warranty for Mobile and 6 Months for Accessories,4.4
195,"realme GT Master Edition (Cosmos Black, 128 GB)","₹21,999",6 GB RAM | 128 GB ROM16.33 cm (6.43 inch) Full HD+ Display64MP + 8MP + 2MP | 32MP Front Camera4300 mAh BatteryQualcomm Snapdragon 778G Processor1 Year Warranty for Mobile and 6 Months for Accessories,4.4
196,"realme C2 (Diamond Sapphire, 32 GB)","₹8,999",3 GB RAM | 32 GB ROM | Expandable Upto 256 GB15.49 cm (6.1 inch) HD+ Display13MP + 2MP | 5MP Front Camera4000 mAh BatteryMediaTek P22 Octa Core 2.0 GHz ProcessorDual Nano SIM slots and Memory Card SlotFace UnlockBrand Warranty of 1 Year Available for Mobile and 6 Months for Accessories,4.4
197,"realme C2 (Diamond Ruby, 32 GB)","₹8,999",3 GB RAM | 32 GB ROM | Expandable Upto 256 GB15.49 cm (6.1 inch) HD+ Display13MP + 2MP | 5MP Front Camera4000 mAh BatteryMediaTek P22 Octa Core 2.0 GHz ProcessorDual Nano SIM slots and Memory Card SlotFace UnlockBrand Warranty of 1 Year Available for Mobile and 6 Months for Accessories,4.4
198,"realme narzo 50 5G (Hyper Blue, 128 GB)","₹16,846",4 GB RAM | 128 GB ROM16.76 cm (6.6 inch) Display48MP Rear Camera5000 mAh Battery12Months Brand Warranty,4.3
199,"realme Narzo 30 Pro 5G (Blade Silver, 128 GB)","₹15,999",8 GB RAM | 128 GB ROM | Expandable Upto 256 GB16.51 cm (6.5 inch) Full HD+ Display48MP + 8MP + 2MP | 16MP Front Camera5000 mAh BatteryMediaTek Dimensity 800U Processor1 Year Warranty for Mobile and 6 Months for Accessories,4.3
200,"realme C30s (Stripe Blue, 64 GB)","₹8,499",4 GB RAM | 64 GB ROM | Expandable Upto 1 TB16.51 cm (6.5 inch) HD+ Display8MP Rear Camera | 5MP Front Camera5000 mAh Lithium Ion BatteryUnisoc SC9863A/ Unisoc SC9863A1 Processor1 Year Manufacturer Warranty for Phone and 6 Months Warranty for In-Box Accessories,4.2
201,"realme GT Master Edition (Luna White, 128 GB)","₹23,999",8 GB RAM | 128 GB ROM16.33 cm (6.43 inch) Full HD+ Display64MP + 8MP + 2MP | 32MP Front Camera4300 mAh BatteryQualcomm Snapdragon 778G Processor1 Year Warranty for Mobile and 6 Months for Accessories,4.3
202,"realme Narzo 30 Pro 5G (Blade Silver, 64 GB)","₹12,999",6 GB RAM | 64 GB ROM | Expandable Upto 256 GB16.51 cm (6.5 inch) Full HD+ Display48MP + 8MP + 2MP | 16MP Front Camera5000 mAh BatteryMediaTek Dimensity 800U Processor1 Year Warranty for Mobile and 6 Months for Accessories,4.3
203,"realme 10 Pro 5G (Dark Matter, 128 GB)","₹19,999",8 GB RAM | 128 GB ROM | Expandable Upto 1 TB17.07 cm (6.72 inch) Full HD+ Display108MP + 2MP | 16MP Front Camera5000 mAh BatteryQualcomm Snapdragon 695 5G Processor1 Year Manufacturer Warranty for Phone and 6 Months Warranty for In-Box Accessories,4.3
204,"realme 10 Pro 5G (Nebula Blue, 128 GB)","₹18,999",6 GB RAM | 128 GB ROM | Expandable Upto 1 TB17.07 cm (6.72 inch) Full HD+ Display108MP + 2MP | 16MP Front Camera5000 mAh BatteryQualcomm Snapdragon 695 5G Processor1 Year Manufacturer Warranty for Phone and 6 Months Warranty for In-Box Accessories,4.3
205,"realme 9 5G SE (Azure Glow, 128 GB)","₹17,999",8 GB RAM | 128 GB ROM | Expandable Upto 1 TB16.76 cm (6.6 inch) Full HD+ Display48MP + 2MP + 2MP | 16MP Front Camera5000 mAh Lithium Polymer BatteryQualcomm Snapdragon 778G Processor1 Year Warranty for Phone and 6 Months Warranty for In-Box Accessories,4.3
206,"realme X3 (Arctic White, 128 GB)","₹27,999",8 GB RAM | 128 GB ROM16.69 cm (6.57 inch) Full HD+ Display64MP + 12MP + 8MP + 2MP | 16MP + 8MP Dual Front Camera4200 mAh BatteryQualcomm Snapdragon 855+ Processor120 Hz Smooth DisplayUIS and UIS Max Ultra Image StabilizationLiquid Cooling SystemBrand Warranty of 1 Year Available for Mobile and 6 Months for Accessories,4.4
207,"realme X3 (Glacier Blue, 128 GB)","₹27,999",8 GB RAM | 128 GB ROM16.69 cm (6.57 inch) Full HD+ Display64MP + 12MP + 8MP + 2MP | 16MP + 8MP Dual Front Camera4200 mAh BatteryQualcomm Snapdragon 855+ Processor120 Hz Smooth DisplayUIS and UIS Max Ultra Image StabilizationLiquid Cooling SystemBrand Warranty of 1 Year Available for Mobile and 6 Months for Accessories,4.4
208,"realme 10 Pro 5G (Hyperspace, 128 GB)","₹18,999",6 GB RAM | 128 GB ROM | Expandable Upto 1 TB17.07 cm (6.72 inch) Full HD+ Display108MP + 2MP | 16MP Front Camera5000 mAh BatteryQualcomm Snapdragon 695 5G Processor1 Year Manufacturer Warranty for Phone and 6 Months Warranty for In-Box Accessories,4.3
209,"realme 9i (Prism Blue, 128 GB)","₹14,499",6 GB RAM | 128 GB ROM | Expandable Upto 1 TB16.76 cm (6.6 inch) Full HD+ Display50MP + 2MP + 2MP | 16MP Front Camera5000 mAh Lithium ion BatteryQualcomm Snapdragon 680 (SM6225) Processor1 Year Manufacturer Warranty for Phone and 6 Months Warranty for in the Box Accessories,4.5
210,"realme 9i (Prism Black, 128 GB)","₹14,499",6 GB RAM | 128 GB ROM | Expandable Upto 1 TB16.76 cm (6.6 inch) Full HD+ Display50MP + 2MP + 2MP | 16MP Front Camera5000 mAh Lithium ion BatteryQualcomm Snapdragon 680 (SM6225) Processor1 Year Manufacturer Warranty for Phone and 6 Months Warranty for in the Box Accessories,4.5
211,"realme 9i (Prism Black, 128 GB)","₹13,499",4 GB RAM | 128 GB ROM | Expandable Upto 1 TB16.76 cm (6.6 inch) Full HD+ Display50MP + 2MP + 2MP | 16MP Front Camera5000 mAh Lithium ion BatteryQualcomm Snapdragon 680 (SM6225) Processor1 Year Manufacturer Warranty for Phone and 6 Months Warranty for in the Box Accessories,4.5
212,"realme 9 5G (Supersonic Black, 64 GB)","₹13,999",4 GB RAM | 64 GB ROM | Expandable Upto 1 TB16.51 cm (6.5 inch) Full HD+ Display48MP + 2MP + 2MP | 16MP Front Camera5000 mAh Lithium Polymer BatteryMediatek Dimensity 810 Processor1 Year Warranty for Phone and 6 Months Warranty for In-Box Accessories,4.5
213,"realme 9i (Prism Black, 64 GB)","₹11,999",4 GB RAM | 64 GB ROM | Expandable Upto 1 TB16.76 cm (6.6 inch) Full HD+ Display50MP + 2MP + 2MP | 16MP Front Camera5000 mAh Lithium ion BatteryQualcomm Snapdragon 680 (SM6225) Processor1 Year Manufacturer Warranty for Phone and 6 Months Warranty for in the Box Accessories,4.5
214,"realme 10 Pro 5G (Nebula Blue, 128 GB)","₹19,999",8 GB RAM | 128 GB ROM | Expandable Upto 1 TB17.07 cm (6.72 inch) Full HD+ Display108MP + 2MP | 16MP Front Camera5000 mAh BatteryQualcomm Snapdragon 695 5G Processor1 Year Manufacturer Warranty for Phone and 6 Months Warranty for In-Box Accessories,4.3
215,"realme X7 5G (Space Silver, 128 GB)","₹19,999",6 GB RAM | 128 GB ROM16.33 cm (6.43 inch) Full HD+ Display64MP + 8MP + 2MP | 16MP Front Camera4310 mAh BatteryMediaTek Dimensity 800U ProcessorSuper AMOLED Display50W Fast Charging | Lightweight (176 g) and SlimBrand Warranty of 1 Year Available for Mobile and 6 Months for Accessories,4.3
216,"realme 9i (Prism Blue, 64 GB)","₹11,999",4 GB RAM | 64 GB ROM | Expandable Upto 1 TB16.76 cm (6.6 inch) Full HD+ Display50MP + 2MP + 2MP | 16MP Front Camera5000 mAh Lithium ion BatteryQualcomm Snapdragon 680 (SM6225) Processor1 Year Manufacturer Warranty for Phone and 6 Months Warranty for in the Box Accessories,4.5
217,"realme 10 Pro 5G (Hyperspace, 128 GB)","₹19,999",8 GB RAM | 128 GB ROM | Expandable Upto 1 TB17.07 cm (6.72 inch) Full HD+ Display108MP + 2MP | 16MP Front Camera5000 mAh BatteryQualcomm Snapdragon 695 5G Processor1 Year Manufacturer Warranty for Phone and 6 Months Warranty for In-Box Accessories,4.3
218,"realme C12 (Power Blue, 64 GB)","₹10,999",4 GB RAM | 64 GB ROM | Expandable Upto 256 GB16.56 cm (6.52 inch) HD+ Display13MP + 2MP + 2MP | 5MP Front Camera6000 mAh Lithium-ion BatteryMediatek Helio G35 ProcessorBrand Warranty of 1 Year Available for Mobile and 6 Months for Accessories,4.4
219,"realme 9 5G (Supersonic Blue, 64 GB)","₹13,999",4 GB RAM | 64 GB ROM | Expandable Upto 1 TB16.51 cm (6.5 inch) Full HD+ Display48MP + 2MP + 2MP | 16MP Front Camera5000 mAh Lithium Polymer BatteryMediatek Dimensity 810 Processor1 Year Warranty for Phone and 6 Months Warranty for In-Box Accessories,4.5
220,"realme X7 Pro 5G (Fantasy, 128 GB)","₹29,999",8 GB RAM | 128 GB ROM16.64 cm (6.55 inch) Full HD+ Display64MP + 8MP + 2MP + 2MP | 32MP Front Camera4500 mAh BatteryMediaTek Dimensity 1000 Plus Processor120 Hz sAmoled Display|65W SuperDart ChargingDual Stereo Speakers with Dolby AtmosBrand Warranty of 1 Year Available for Mobile and 6 Months for Accessories,4.2
221,"realme 10 Pro 5G (Dark Matter, 128 GB)","₹18,999",6 GB RAM | 128 GB ROM | Expandable Upto 1 TB17.07 cm (6.72 inch) Full HD+ Display108MP + 2MP | 16MP Front Camera5000 mAh BatteryQualcomm Snapdragon 695 5G Processor1 Year Manufacturer Warranty for Phone and 6 Months Warranty for In-Box Accessories,4.3
222,"realme C12 (Power Silver, 64 GB)","₹9,999",4 GB RAM | 64 GB ROM | Expandable Upto 256 GB16.56 cm (6.52 inch) HD+ Display13MP + 2MP + 2MP | 5MP Front Camera6000 mAh Lithium-ion BatteryMediatek Helio G35 ProcessorBrand Warranty of 1 Year Available for Mobile and 6 Months for Accessories,4.4
223,"realme Narzo 50A Prime (Flash Black, 64 GB)","₹13,499",4 GB RAM | 64 GB ROM | Expandable Upto 512 GB16.76 cm (6.6 inch) Full HD+ Display50MP Rear Camera | 8MP Front Camera5000 mAh Battery1 Year Manufacturer Warranty for Phone and 6 Months Warranty for In-Box Accessories,4.1
224,"realme C12 (Power Blue, 32 GB)","₹10,999",3 GB RAM | 32 GB ROM | Expandable Upto 256 GB16.56 cm (6.52 inch) HD+ Display13MP + 2MP + 2MP | 5MP Front Camera6000 mAh Lithium-ion BatteryMediatek Helio G35 ProcessorBrand Warranty of 1 Year Available for Mobile and 6 Months for Accessories,4.4
225,"realme 9 5G (Supersonic Black, 128 GB)","₹15,499",6 GB RAM | 128 GB ROM | Expandable Upto 1 TB16.51 cm (6.5 inch) Full HD+ Display48MP + 2MP + 2MP | 16MP Front Camera5000 mAh Lithium Polymer BatteryMediatek Dimensity 810 Processor1 Year Warranty for Phone and 6 Months Warranty for In-Box Accessories,4.4
226,"realme 9 5G (Supersonic Blue, 128 GB)","₹15,499",6 GB RAM | 128 GB ROM | Expandable Upto 1 TB16.51 cm (6.5 inch) Full HD+ Display48MP + 2MP + 2MP | 16MP Front Camera5000 mAh Lithium Polymer BatteryMediatek Dimensity 810 Processor1 Year Warranty for Phone and 6 Months Warranty for In-Box Accessories,4.4
227,"realme 9 5G (Stargaze White, 64 GB)","₹13,999",4 GB RAM | 64 GB ROM | Expandable Upto 1 TB16.51 cm (6.5 inch) Full HD+ Display48MP + 2MP + 2MP | 16MP Front Camera5000 mAh Lithium Polymer BatteryMediatek Dimensity 810 Processor1 Year Warranty for Phone and 6 Months Warranty for In-Box Accessories,4.5
228,"realme 9 5G (Stargaze White, 128 GB)","₹15,499",6 GB RAM | 128 GB ROM | Expandable Upto 1 TB16.51 cm (6.5 inch) Full HD+ Display48MP + 2MP + 2MP | 16MP Front Camera5000 mAh Lithium Polymer BatteryMediatek Dimensity 810 Processor1 Year Warranty for Phone and 6 Months Warranty for In-Box Accessories,4.4
229,"realme 9 5G (Meteor Black, 128 GB)","₹15,499",6 GB RAM | 128 GB ROM | Expandable Upto 1 TB16.51 cm (6.5 inch) Full HD+ Display48MP + 2MP + 2MP | 16MP Front Camera5000 mAh Lithium Polymer BatteryMediatek Dimensity 810 Processor1 Year Warranty for Phone and 6 Months Warranty for In-Box Accessories,4.4
230,"realme 7 Pro (Sun Kissed Leather, 128 GB)","₹19,999",6 GB RAM | 128 GB ROM | Expandable Upto 256 GB16.26 cm (6.4 inch) Full HD+ Display64MP + 8MP + 2MP + 2MP | 32MP Front Camera4500 mAh Lithium-ion BatteryQualcomm Snapdragon 720G ProcessorSuper AMOLED Display65 W SuperDart ChargeBrand Warranty of 1 Year Available for Mobile and 6 Months for Accessories,4.4
231,"realme 7 Pro (Sun Kissed Leather, 128 GB)","₹21,999",8 GB RAM | 128 GB ROM | Expandable Upto 256 GB16.26 cm (6.4 inch) Full HD+ Display64MP + 8MP + 2MP + 2MP | 32MP Front Camera4500 mAh Lithium-ion BatteryQualcomm Snapdragon 720G ProcessorSuper AMOLED Display65 W SuperDart ChargeBrand Warranty of 1 Year Available for Mobile and 6 Months for Accessories,4.4
232,"realme 7 Pro (Mirror Blue, 128 GB)","₹21,999",8 GB RAM | 128 GB ROM | Expandable Upto 256 GB16.26 cm (6.4 inch) Full HD+ Display64MP + 8MP + 2MP + 2MP | 32MP Front Camera4500 mAh Lithium-ion BatteryQualcomm Snapdragon 720G ProcessorSuper AMOLED Display65 W SuperDart ChargeBrand Warranty of 1 Year Available for Mobile and 6 Months for Accessories,4.4
233,"realme C25_Y (Glacier Blue, 64 GB)","₹9,899",4 GB RAM | 64 GB ROM16.51 cm (6.5 inch) HD+ Display50MP + 2MP + 2MP | 8MP Front Camera5000 mAh LiPo BatteryUnisoc T618 Processor1 Year Domestic Warranty,4.5
234,"realme C30s (Royal Blue, 32 GB)","₹7,499",2 GB RAM | 32 GB ROM | Expandable Upto 1 TB16.51 cm (6.5 inch) HD+ Display8MP Rear Camera | 5MP Front Camera5000 mAh BatteryUnisoc SC9863A/ Unisoc SC9863A1 Processor1 Year Manufacturer Warranty for Phone and 6 Months Warranty for In-Box Accessories,4.4
235,"realme 8 (Cyber Silver, 128 GB)","₹14,499",6 GB RAM | 128 GB ROM | Expandable Upto 256 GB16.26 cm (6.4 inch) Full HD+ Display64MP + 8MP + 2MP + 2MP | 16MP Front Camera5000 mAh BatteryMediaTek Helio G95 ProcessorSuper AMOLED Display1 Year Warranty for Mobile and 6 Months for Accessories,4.4
236,"Realme C30 - Locked with Airtel Prepaid (Bamboo Green, 32 GB)","₹5,549",2 GB RAM | 32 GB ROM | Expandable Upto 1 TB16.51 cm (6.5 inch) HD+ Display8MP Rear Camera | 5MP Front Camera5000 mAh Lithium Ion BatteryUnisoc T612 Processor1 Year Manufacturer Warranty for Phone and 6 Months Warranty for In-Box Accessories,4.2
237,"realme GT Neo 3T (Dash Yellow, 256 GB)","₹33,999",8 GB RAM | 256 GB ROM16.81 cm (6.62 inch) Full HD+ AMOLED Display64MP + 8MP + 2MP | 16MP Front Camera5000 mAh Lithium Ion BatteryQualcomm Snapdragon 870 Processor1 Year Manufacturer Warranty for Phone and 6 Months Warranty for In-Box Accessories,4.3
238,"realme 8s 5G (Universe Blue, 128 GB)","₹19,499",6 GB RAM | 128 GB ROM | Expandable Upto 1 TB16.51 cm (6.5 inch) Full HD+ Display64MP + 2MP + 2MP | 16MP Front Camera5000 mAh BatteryMediaTek Dimensity 810 5G Processor33 W Charger1 Year Warranty for Mobile and 6 Months for Accessories,4.4
239,"realme Narzo 60X 5G (Nebula Purple, 128 GB)","₹13,999",4 GB RAM | 128 GB ROM17.07 cm (6.72 inch) Display50MP Rear Camera5000 mAh BatteryDomestic Warranty 1 Year For Handset and 6 Months For Accessories.,4.3
